{
    "rmse": 0.7095326858880476,
    "mae": 0.5558313031906228,
    "r2": 0.22380283136631074
}