{
    "rmse": 0.684944467032779,
    "mae": 0.5389808478507879,
    "r2": 0.26898224000807514
}